,NEW_ADDRESS,TYPE
0,19441.282192,2021
1,304.887671,2020
2,36754.065116,2022
