,NEW_ADDRESS,TYPE
0,304.887671,2020
1,36761.694836,2022
2,19441.282192,2021
